"Metric","Metric Id","Item","Item Id","Region","Region Id","Partner Region","Partner Region Id","Unit","Unit Id","Frequency","Frequency Id","Start Date","End Date","Value","Source"
"Domestic Consumption (mass)",1480032,"Canola",3418,"South Africa",1187,"World",0,"tonne",14,"monthly",6,"1998-10-01","1998-10-31",589,"SAGIS Supply and Demand, Gro Intelligence"
"Domestic Consumption (mass)",1480032,"Canola",3418,"South Africa",1187,"World",0,"tonne",14,"monthly",6,"1998-11-01","1998-11-30",3233,"SAGIS Supply and Demand, Gro Intelligence"
"Domestic Consumption (mass)",1480032,"Canola",3418,"South Africa",1187,"World",0,"tonne",14,"monthly",6,"1998-12-01","1998-12-31",2739,"SAGIS Supply and Demand, Gro Intelligence"
"Domestic Consumption (mass)",1480032,"Canola",3418,"South Africa",1187,"World",0,"tonne",14,"monthly",6,"1999-01-01","1999-01-31",2289,"SAGIS Supply and Demand, Gro Intelligence"
"Domestic Consumption (mass)",1480032,"Canola",3418,"South Africa",1187,"World",0,"tonne",14,"monthly",6,"1999-02-01","1999-02-28",2268,"SAGIS Supply and Demand, Gro Intelligence"
"Domestic Consumption (mass)",1480032,"Canola",3418,"South Africa",1187,"World",0,"tonne",14,"monthly",6,"1999-03-01","1999-03-31",3387,"SAGIS Supply and Demand, Gro Intelligence"
"Domestic Consumption (mass)",1480032,"Canola",3418,"South Africa",1187,"World",0,"tonne",14,"monthly",6,"1999-04-01","1999-04-30",1341,"SAGIS Supply and Demand, Gro Intelligence"
"Domestic Consumption (mass)",1480032,"Canola",3418,"South Africa",1187,"World",0,"tonne",14,"monthly",6,"1999-05-01","1999-05-31",299,"SAGIS Supply and Demand, Gro Intelligence"
"Domestic Consumption (mass)",1480032,"Canola",3418,"South Africa",1187,"World",0,"tonne",14,"monthly",6,"1999-06-01","1999-06-30",89,"SAGIS Supply and Demand, Gro Intelligence"
"Domestic Consumption (mass)",1480032,"Canola",3418,"South Africa",1187,"World",0,"tonne",14,"monthly",6,"1999-07-01","1999-07-31",0,"SAGIS Supply and Demand, Gro Intelligence"
"Domestic Consumption (mass)",1480032,"Canola",3418,"South Africa",1187,"World",0,"tonne",14,"monthly",6,"1999-08-01","1999-08-31",15,"SAGIS Supply and Demand, Gro Intelligence"
"Domestic Consumption (mass)",1480032,"Canola",3418,"South Africa",1187,"World",0,"tonne",14,"monthly",6,"1999-09-01","1999-09-30",0,"SAGIS Supply and Demand, Gro Intelligence"
"Domestic Consumption (mass)",1480032,"Canola",3418,"South Africa",1187,"World",0,"tonne",14,"monthly",6,"1999-10-01","1999-10-31",300,"SAGIS Supply and Demand, Gro Intelligence"
"Domestic Consumption (mass)",1480032,"Canola",3418,"South Africa",1187,"World",0,"tonne",14,"monthly",6,"1999-11-01","1999-11-30",2700,"SAGIS Supply and Demand, Gro Intelligence"
"Domestic Consumption (mass)",1480032,"Canola",3418,"South Africa",1187,"World",0,"tonne",14,"monthly",6,"1999-12-01","1999-12-31",2400,"SAGIS Supply and Demand, Gro Intelligence"
"Domestic Consumption (mass)",1480032,"Canola",3418,"South Africa",1187,"World",0,"tonne",14,"monthly",6,"2000-01-01","2000-01-31",2100,"SAGIS Supply and Demand, Gro Intelligence"
"Domestic Consumption (mass)",1480032,"Canola",3418,"South Africa",1187,"World",0,"tonne",14,"monthly",6,"2000-02-01","2000-02-29",3800,"SAGIS Supply and Demand, Gro Intelligence"
"Domestic Consumption (mass)",1480032,"Canola",3418,"South Africa",1187,"World",0,"tonne",14,"monthly",6,"2000-03-01","2000-03-31",2000,"SAGIS Supply and Demand, Gro Intelligence"
"Domestic Consumption (mass)",1480032,"Canola",3418,"South Africa",1187,"World",0,"tonne",14,"monthly",6,"2000-04-01","2000-04-30",900,"SAGIS Supply and Demand, Gro Intelligence"
"Domestic Consumption (mass)",1480032,"Canola",3418,"South Africa",1187,"World",0,"tonne",14,"monthly",6,"2000-05-01","2000-05-31",600,"SAGIS Supply and Demand, Gro Intelligence"
"Domestic Consumption (mass)",1480032,"Canola",3418,"South Africa",1187,"World",0,"tonne",14,"monthly",6,"2000-06-01","2000-06-30",400,"SAGIS Supply and Demand, Gro Intelligence"
"Domestic Consumption (mass)",1480032,"Canola",3418,"South Africa",1187,"World",0,"tonne",14,"monthly",6,"2000-07-01","2000-07-31",500,"SAGIS Supply and Demand, Gro Intelligence"
"Domestic Consumption (mass)",1480032,"Canola",3418,"South Africa",1187,"World",0,"tonne",14,"monthly",6,"2000-08-01","2000-08-31",600,"SAGIS Supply and Demand, Gro Intelligence"
"Domestic Consumption (mass)",1480032,"Canola",3418,"South Africa",1187,"World",0,"tonne",14,"monthly",6,"2000-09-01","2000-09-30",800,"SAGIS Supply and Demand, Gro Intelligence"
"Domestic Consumption (mass)",1480032,"Canola",3418,"South Africa",1187,"World",0,"tonne",14,"monthly",6,"2000-10-01","2000-10-31",1500,"SAGIS Supply and Demand, Gro Intelligence"
"Domestic Consumption (mass)",1480032,"Canola",3418,"South Africa",1187,"World",0,"tonne",14,"monthly",6,"2000-11-01","2000-11-30",2500,"SAGIS Supply and Demand, Gro Intelligence"
"Domestic Consumption (mass)",1480032,"Canola",3418,"South Africa",1187,"World",0,"tonne",14,"monthly",6,"2000-12-01","2000-12-31",3700,"SAGIS Supply and Demand, Gro Intelligence"
"Domestic Consumption (mass)",1480032,"Canola",3418,"South Africa",1187,"World",0,"tonne",14,"monthly",6,"2001-01-01","2001-01-31",2700,"SAGIS Supply and Demand, Gro Intelligence"
"Domestic Consumption (mass)",1480032,"Canola",3418,"South Africa",1187,"World",0,"tonne",14,"monthly",6,"2001-02-01","2001-02-28",1700,"SAGIS Supply and Demand, Gro Intelligence"
"Domestic Consumption (mass)",1480032,"Canola",3418,"South Africa",1187,"World",0,"tonne",14,"monthly",6,"2001-03-01","2001-03-31",2300,"SAGIS Supply and Demand, Gro Intelligence"
"Domestic Consumption (mass)",1480032,"Canola",3418,"South Africa",1187,"World",0,"tonne",14,"monthly",6,"2001-04-01","2001-04-30",1800,"SAGIS Supply and Demand, Gro Intelligence"
"Domestic Consumption (mass)",1480032,"Canola",3418,"South Africa",1187,"World",0,"tonne",14,"monthly",6,"2001-05-01","2001-05-31",1300,"SAGIS Supply and Demand, Gro Intelligence"
"Domestic Consumption (mass)",1480032,"Canola",3418,"South Africa",1187,"World",0,"tonne",14,"monthly",6,"2001-06-01","2001-06-30",1200,"SAGIS Supply and Demand, Gro Intelligence"
"Domestic Consumption (mass)",1480032,"Canola",3418,"South Africa",1187,"World",0,"tonne",14,"monthly",6,"2001-07-01","2001-07-31",1600,"SAGIS Supply and Demand, Gro Intelligence"
"Domestic Consumption (mass)",1480032,"Canola",3418,"South Africa",1187,"World",0,"tonne",14,"monthly",6,"2001-08-01","2001-08-31",1300,"SAGIS Supply and Demand, Gro Intelligence"
"Domestic Consumption (mass)",1480032,"Canola",3418,"South Africa",1187,"World",0,"tonne",14,"monthly",6,"2001-09-01","2001-09-30",2000,"SAGIS Supply and Demand, Gro Intelligence"
"Domestic Consumption (mass)",1480032,"Canola",3418,"South Africa",1187,"World",0,"tonne",14,"monthly",6,"2001-10-01","2001-10-31",1700,"SAGIS Supply and Demand, Gro Intelligence"
"Domestic Consumption (mass)",1480032,"Canola",3418,"South Africa",1187,"World",0,"tonne",14,"monthly",6,"2001-11-01","2001-11-30",2900,"SAGIS Supply and Demand, Gro Intelligence"
"Domestic Consumption (mass)",1480032,"Canola",3418,"South Africa",1187,"World",0,"tonne",14,"monthly",6,"2001-12-01","2001-12-31",3300,"SAGIS Supply and Demand, Gro Intelligence"
"Domestic Consumption (mass)",1480032,"Canola",3418,"South Africa",1187,"World",0,"tonne",14,"monthly",6,"2002-01-01","2002-01-31",2600,"SAGIS Supply and Demand, Gro Intelligence"
"Domestic Consumption (mass)",1480032,"Canola",3418,"South Africa",1187,"World",0,"tonne",14,"monthly",6,"2002-02-01","2002-02-28",1900,"SAGIS Supply and Demand, Gro Intelligence"
"Domestic Consumption (mass)",1480032,"Canola",3418,"South Africa",1187,"World",0,"tonne",14,"monthly",6,"2002-03-01","2002-03-31",2000,"SAGIS Supply and Demand, Gro Intelligence"
"Domestic Consumption (mass)",1480032,"Canola",3418,"South Africa",1187,"World",0,"tonne",14,"monthly",6,"2002-04-01","2002-04-30",1800,"SAGIS Supply and Demand, Gro Intelligence"
"Domestic Consumption (mass)",1480032,"Canola",3418,"South Africa",1187,"World",0,"tonne",14,"monthly",6,"2002-05-01","2002-05-31",1400,"SAGIS Supply and Demand, Gro Intelligence"
"Domestic Consumption (mass)",1480032,"Canola",3418,"South Africa",1187,"World",0,"tonne",14,"monthly",6,"2002-06-01","2002-06-30",900,"SAGIS Supply and Demand, Gro Intelligence"
"Domestic Consumption (mass)",1480032,"Canola",3418,"South Africa",1187,"World",0,"tonne",14,"monthly",6,"2002-07-01","2002-07-31",1500,"SAGIS Supply and Demand, Gro Intelligence"
"Domestic Consumption (mass)",1480032,"Canola",3418,"South Africa",1187,"World",0,"tonne",14,"monthly",6,"2002-08-01","2002-08-31",1000,"SAGIS Supply and Demand, Gro Intelligence"
"Domestic Consumption (mass)",1480032,"Canola",3418,"South Africa",1187,"World",0,"tonne",14,"monthly",6,"2002-09-01","2002-09-30",1300,"SAGIS Supply and Demand, Gro Intelligence"
"Domestic Consumption (mass)",1480032,"Canola",3418,"South Africa",1187,"World",0,"tonne",14,"monthly",6,"2002-10-01","2002-10-31",1900,"SAGIS Supply and Demand, Gro Intelligence"
"Domestic Consumption (mass)",1480032,"Canola",3418,"South Africa",1187,"World",0,"tonne",14,"monthly",6,"2002-11-01","2002-11-30",3100,"SAGIS Supply and Demand, Gro Intelligence"
"Domestic Consumption (mass)",1480032,"Canola",3418,"South Africa",1187,"World",0,"tonne",14,"monthly",6,"2002-12-01","2002-12-31",3000,"SAGIS Supply and Demand, Gro Intelligence"
"Domestic Consumption (mass)",1480032,"Canola",3418,"South Africa",1187,"World",0,"tonne",14,"monthly",6,"2003-01-01","2003-01-31",2300,"SAGIS Supply and Demand, Gro Intelligence"
"Domestic Consumption (mass)",1480032,"Canola",3418,"South Africa",1187,"World",0,"tonne",14,"monthly",6,"2003-02-01","2003-02-28",2100,"SAGIS Supply and Demand, Gro Intelligence"
"Domestic Consumption (mass)",1480032,"Canola",3418,"South Africa",1187,"World",0,"tonne",14,"monthly",6,"2003-03-01","2003-03-31",2000,"SAGIS Supply and Demand, Gro Intelligence"
"Domestic Consumption (mass)",1480032,"Canola",3418,"South Africa",1187,"World",0,"tonne",14,"monthly",6,"2003-04-01","2003-04-30",3200,"SAGIS Supply and Demand, Gro Intelligence"
"Domestic Consumption (mass)",1480032,"Canola",3418,"South Africa",1187,"World",0,"tonne",14,"monthly",6,"2003-05-01","2003-05-31",1500,"SAGIS Supply and Demand, Gro Intelligence"
"Domestic Consumption (mass)",1480032,"Canola",3418,"South Africa",1187,"World",0,"tonne",14,"monthly",6,"2003-06-01","2003-06-30",1200,"SAGIS Supply and Demand, Gro Intelligence"
"Domestic Consumption (mass)",1480032,"Canola",3418,"South Africa",1187,"World",0,"tonne",14,"monthly",6,"2003-07-01","2003-07-31",2200,"SAGIS Supply and Demand, Gro Intelligence"
"Domestic Consumption (mass)",1480032,"Canola",3418,"South Africa",1187,"World",0,"tonne",14,"monthly",6,"2003-08-01","2003-08-31",2600,"SAGIS Supply and Demand, Gro Intelligence"
"Domestic Consumption (mass)",1480032,"Canola",3418,"South Africa",1187,"World",0,"tonne",14,"monthly",6,"2003-09-01","2003-09-30",2400,"SAGIS Supply and Demand, Gro Intelligence"
"Domestic Consumption (mass)",1480032,"Canola",3418,"South Africa",1187,"World",0,"tonne",14,"monthly",6,"2003-10-01","2003-10-31",2300,"SAGIS Supply and Demand, Gro Intelligence"
"Domestic Consumption (mass)",1480032,"Canola",3418,"South Africa",1187,"World",0,"tonne",14,"monthly",6,"2003-11-01","2003-11-30",3200,"SAGIS Supply and Demand, Gro Intelligence"
"Domestic Consumption (mass)",1480032,"Canola",3418,"South Africa",1187,"World",0,"tonne",14,"monthly",6,"2003-12-01","2003-12-31",4200,"SAGIS Supply and Demand, Gro Intelligence"
"Domestic Consumption (mass)",1480032,"Canola",3418,"South Africa",1187,"World",0,"tonne",14,"monthly",6,"2004-01-01","2004-01-31",3400,"SAGIS Supply and Demand, Gro Intelligence"
"Domestic Consumption (mass)",1480032,"Canola",3418,"South Africa",1187,"World",0,"tonne",14,"monthly",6,"2004-02-01","2004-02-29",4000,"SAGIS Supply and Demand, Gro Intelligence"
"Domestic Consumption (mass)",1480032,"Canola",3418,"South Africa",1187,"World",0,"tonne",14,"monthly",6,"2004-03-01","2004-03-31",4200,"SAGIS Supply and Demand, Gro Intelligence"
"Domestic Consumption (mass)",1480032,"Canola",3418,"South Africa",1187,"World",0,"tonne",14,"monthly",6,"2004-04-01","2004-04-30",3900,"SAGIS Supply and Demand, Gro Intelligence"
"Domestic Consumption (mass)",1480032,"Canola",3418,"South Africa",1187,"World",0,"tonne",14,"monthly",6,"2004-05-01","2004-05-31",2900,"SAGIS Supply and Demand, Gro Intelligence"
"Domestic Consumption (mass)",1480032,"Canola",3418,"South Africa",1187,"World",0,"tonne",14,"monthly",6,"2004-06-01","2004-06-30",2600,"SAGIS Supply and Demand, Gro Intelligence"
"Domestic Consumption (mass)",1480032,"Canola",3418,"South Africa",1187,"World",0,"tonne",14,"monthly",6,"2004-07-01","2004-07-31",2100,"SAGIS Supply and Demand, Gro Intelligence"
"Domestic Consumption (mass)",1480032,"Canola",3418,"South Africa",1187,"World",0,"tonne",14,"monthly",6,"2004-08-01","2004-08-31",2100,"SAGIS Supply and Demand, Gro Intelligence"
"Domestic Consumption (mass)",1480032,"Canola",3418,"South Africa",1187,"World",0,"tonne",14,"monthly",6,"2004-09-01","2004-09-30",2900,"SAGIS Supply and Demand, Gro Intelligence"
"Domestic Consumption (mass)",1480032,"Canola",3418,"South Africa",1187,"World",0,"tonne",14,"monthly",6,"2004-10-01","2004-10-31",2400,"SAGIS Supply and Demand, Gro Intelligence"
"Domestic Consumption (mass)",1480032,"Canola",3418,"South Africa",1187,"World",0,"tonne",14,"monthly",6,"2004-11-01","2004-11-30",5300,"SAGIS Supply and Demand, Gro Intelligence"
"Domestic Consumption (mass)",1480032,"Canola",3418,"South Africa",1187,"World",0,"tonne",14,"monthly",6,"2004-12-01","2004-12-31",2600,"SAGIS Supply and Demand, Gro Intelligence"
"Domestic Consumption (mass)",1480032,"Canola",3418,"South Africa",1187,"World",0,"tonne",14,"monthly",6,"2005-01-01","2005-01-31",2500,"SAGIS Supply and Demand, Gro Intelligence"
"Domestic Consumption (mass)",1480032,"Canola",3418,"South Africa",1187,"World",0,"tonne",14,"monthly",6,"2005-02-01","2005-02-28",2700,"SAGIS Supply and Demand, Gro Intelligence"
"Domestic Consumption (mass)",1480032,"Canola",3418,"South Africa",1187,"World",0,"tonne",14,"monthly",6,"2005-03-01","2005-03-31",1800,"SAGIS Supply and Demand, Gro Intelligence"
"Domestic Consumption (mass)",1480032,"Canola",3418,"South Africa",1187,"World",0,"tonne",14,"monthly",6,"2005-04-01","2005-04-30",2200,"SAGIS Supply and Demand, Gro Intelligence"
"Domestic Consumption (mass)",1480032,"Canola",3418,"South Africa",1187,"World",0,"tonne",14,"monthly",6,"2005-05-01","2005-05-31",2700,"SAGIS Supply and Demand, Gro Intelligence"
"Domestic Consumption (mass)",1480032,"Canola",3418,"South Africa",1187,"World",0,"tonne",14,"monthly",6,"2005-06-01","2005-06-30",2500,"SAGIS Supply and Demand, Gro Intelligence"
"Domestic Consumption (mass)",1480032,"Canola",3418,"South Africa",1187,"World",0,"tonne",14,"monthly",6,"2005-07-01","2005-07-31",2300,"SAGIS Supply and Demand, Gro Intelligence"
"Domestic Consumption (mass)",1480032,"Canola",3418,"South Africa",1187,"World",0,"tonne",14,"monthly",6,"2005-08-01","2005-08-31",2400,"SAGIS Supply and Demand, Gro Intelligence"
"Domestic Consumption (mass)",1480032,"Canola",3418,"South Africa",1187,"World",0,"tonne",14,"monthly",6,"2005-09-01","2005-09-30",2200,"SAGIS Supply and Demand, Gro Intelligence"
"Domestic Consumption (mass)",1480032,"Canola",3418,"South Africa",1187,"World",0,"tonne",14,"monthly",6,"2005-10-01","2005-10-31",3000,"SAGIS Supply and Demand, Gro Intelligence"
"Domestic Consumption (mass)",1480032,"Canola",3418,"South Africa",1187,"World",0,"tonne",14,"monthly",6,"2005-11-01","2005-11-30",5900,"SAGIS Supply and Demand, Gro Intelligence"
"Domestic Consumption (mass)",1480032,"Canola",3418,"South Africa",1187,"World",0,"tonne",14,"monthly",6,"2005-12-01","2005-12-31",4200,"SAGIS Supply and Demand, Gro Intelligence"
"Domestic Consumption (mass)",1480032,"Canola",3418,"South Africa",1187,"World",0,"tonne",14,"monthly",6,"2006-01-01","2006-01-31",3700,"SAGIS Supply and Demand, Gro Intelligence"
"Domestic Consumption (mass)",1480032,"Canola",3418,"South Africa",1187,"World",0,"tonne",14,"monthly",6,"2006-02-01","2006-02-28",3000,"SAGIS Supply and Demand, Gro Intelligence"
"Domestic Consumption (mass)",1480032,"Canola",3418,"South Africa",1187,"World",0,"tonne",14,"monthly",6,"2006-03-01","2006-03-31",2100,"SAGIS Supply and Demand, Gro Intelligence"
"Domestic Consumption (mass)",1480032,"Canola",3418,"South Africa",1187,"World",0,"tonne",14,"monthly",6,"2006-04-01","2006-04-30",3200,"SAGIS Supply and Demand, Gro Intelligence"
"Domestic Consumption (mass)",1480032,"Canola",3418,"South Africa",1187,"World",0,"tonne",14,"monthly",6,"2006-05-01","2006-05-31",3000,"SAGIS Supply and Demand, Gro Intelligence"
"Domestic Consumption (mass)",1480032,"Canola",3418,"South Africa",1187,"World",0,"tonne",14,"monthly",6,"2006-06-01","2006-06-30",2400,"SAGIS Supply and Demand, Gro Intelligence"
"Domestic Consumption (mass)",1480032,"Canola",3418,"South Africa",1187,"World",0,"tonne",14,"monthly",6,"2006-07-01","2006-07-31",2900,"SAGIS Supply and Demand, Gro Intelligence"
"Domestic Consumption (mass)",1480032,"Canola",3418,"South Africa",1187,"World",0,"tonne",14,"monthly",6,"2006-08-01","2006-08-31",2600,"SAGIS Supply and Demand, Gro Intelligence"
"Domestic Consumption (mass)",1480032,"Canola",3418,"South Africa",1187,"World",0,"tonne",14,"monthly",6,"2006-09-01","2006-09-30",2700,"SAGIS Supply and Demand, Gro Intelligence"
"Domestic Consumption (mass)",1480032,"Canola",3418,"South Africa",1187,"World",0,"tonne",14,"monthly",6,"2006-10-01","2006-10-31",3300,"SAGIS Supply and Demand, Gro Intelligence"
"Domestic Consumption (mass)",1480032,"Canola",3418,"South Africa",1187,"World",0,"tonne",14,"monthly",6,"2006-11-01","2006-11-30",4100,"SAGIS Supply and Demand, Gro Intelligence"
"Domestic Consumption (mass)",1480032,"Canola",3418,"South Africa",1187,"World",0,"tonne",14,"monthly",6,"2006-12-01","2006-12-31",3500,"SAGIS Supply and Demand, Gro Intelligence"
"Domestic Consumption (mass)",1480032,"Canola",3418,"South Africa",1187,"World",0,"tonne",14,"monthly",6,"2007-01-01","2007-01-31",5500,"SAGIS Supply and Demand, Gro Intelligence"
"Domestic Consumption (mass)",1480032,"Canola",3418,"South Africa",1187,"World",0,"tonne",14,"monthly",6,"2007-02-01","2007-02-28",2900,"SAGIS Supply and Demand, Gro Intelligence"
"Domestic Consumption (mass)",1480032,"Canola",3418,"South Africa",1187,"World",0,"tonne",14,"monthly",6,"2007-03-01","2007-03-31",2900,"SAGIS Supply and Demand, Gro Intelligence"
"Domestic Consumption (mass)",1480032,"Canola",3418,"South Africa",1187,"World",0,"tonne",14,"monthly",6,"2007-04-01","2007-04-30",1700,"SAGIS Supply and Demand, Gro Intelligence"
"Domestic Consumption (mass)",1480032,"Canola",3418,"South Africa",1187,"World",0,"tonne",14,"monthly",6,"2007-05-01","2007-05-31",4300,"SAGIS Supply and Demand, Gro Intelligence"
"Domestic Consumption (mass)",1480032,"Canola",3418,"South Africa",1187,"World",0,"tonne",14,"monthly",6,"2007-06-01","2007-06-30",3200,"SAGIS Supply and Demand, Gro Intelligence"
"Domestic Consumption (mass)",1480032,"Canola",3418,"South Africa",1187,"World",0,"tonne",14,"monthly",6,"2007-07-01","2007-07-31",3400,"SAGIS Supply and Demand, Gro Intelligence"
"Domestic Consumption (mass)",1480032,"Canola",3418,"South Africa",1187,"World",0,"tonne",14,"monthly",6,"2007-08-01","2007-08-31",2900,"SAGIS Supply and Demand, Gro Intelligence"
"Domestic Consumption (mass)",1480032,"Canola",3418,"South Africa",1187,"World",0,"tonne",14,"monthly",6,"2007-09-01","2007-09-30",2500,"SAGIS Supply and Demand, Gro Intelligence"
"Domestic Consumption (mass)",1480032,"Canola",3418,"South Africa",1187,"World",0,"tonne",14,"monthly",6,"2007-10-01","2007-10-31",3600,"SAGIS Supply and Demand, Gro Intelligence"
"Domestic Consumption (mass)",1480032,"Canola",3418,"South Africa",1187,"World",0,"tonne",14,"monthly",6,"2007-11-01","2007-11-30",4900,"SAGIS Supply and Demand, Gro Intelligence"
"Domestic Consumption (mass)",1480032,"Canola",3418,"South Africa",1187,"World",0,"tonne",14,"monthly",6,"2007-12-01","2007-12-31",3600,"SAGIS Supply and Demand, Gro Intelligence"
"Domestic Consumption (mass)",1480032,"Canola",3418,"South Africa",1187,"World",0,"tonne",14,"monthly",6,"2008-01-01","2008-01-31",2400,"SAGIS Supply and Demand, Gro Intelligence"
"Domestic Consumption (mass)",1480032,"Canola",3418,"South Africa",1187,"World",0,"tonne",14,"monthly",6,"2008-02-01","2008-02-29",4400,"SAGIS Supply and Demand, Gro Intelligence"
"Domestic Consumption (mass)",1480032,"Canola",3418,"South Africa",1187,"World",0,"tonne",14,"monthly",6,"2008-03-01","2008-03-31",2900,"SAGIS Supply and Demand, Gro Intelligence"
"Domestic Consumption (mass)",1480032,"Canola",3418,"South Africa",1187,"World",0,"tonne",14,"monthly",6,"2008-04-01","2008-04-30",1000,"SAGIS Supply and Demand, Gro Intelligence"
"Domestic Consumption (mass)",1480032,"Canola",3418,"South Africa",1187,"World",0,"tonne",14,"monthly",6,"2008-05-01","2008-05-31",5400,"SAGIS Supply and Demand, Gro Intelligence"
"Domestic Consumption (mass)",1480032,"Canola",3418,"South Africa",1187,"World",0,"tonne",14,"monthly",6,"2008-06-01","2008-06-30",2800,"SAGIS Supply and Demand, Gro Intelligence"
"Domestic Consumption (mass)",1480032,"Canola",3418,"South Africa",1187,"World",0,"tonne",14,"monthly",6,"2008-07-01","2008-07-31",2900,"SAGIS Supply and Demand, Gro Intelligence"
"Domestic Consumption (mass)",1480032,"Canola",3418,"South Africa",1187,"World",0,"tonne",14,"monthly",6,"2008-08-01","2008-08-31",2900,"SAGIS Supply and Demand, Gro Intelligence"
"Domestic Consumption (mass)",1480032,"Canola",3418,"South Africa",1187,"World",0,"tonne",14,"monthly",6,"2008-09-01","2008-09-30",2600,"SAGIS Supply and Demand, Gro Intelligence"
"Domestic Consumption (mass)",1480032,"Canola",3418,"South Africa",1187,"World",0,"tonne",14,"monthly",6,"2008-10-01","2008-10-31",3400,"SAGIS Supply and Demand, Gro Intelligence"
"Domestic Consumption (mass)",1480032,"Canola",3418,"South Africa",1187,"World",0,"tonne",14,"monthly",6,"2008-11-01","2008-11-30",2600,"SAGIS Supply and Demand, Gro Intelligence"
"Domestic Consumption (mass)",1480032,"Canola",3418,"South Africa",1187,"World",0,"tonne",14,"monthly",6,"2008-12-01","2008-12-31",2000,"SAGIS Supply and Demand, Gro Intelligence"
"Domestic Consumption (mass)",1480032,"Canola",3418,"South Africa",1187,"World",0,"tonne",14,"monthly",6,"2009-01-01","2009-01-31",1700,"SAGIS Supply and Demand, Gro Intelligence"
"Domestic Consumption (mass)",1480032,"Canola",3418,"South Africa",1187,"World",0,"tonne",14,"monthly",6,"2009-02-01","2009-02-28",2600,"SAGIS Supply and Demand, Gro Intelligence"
"Domestic Consumption (mass)",1480032,"Canola",3418,"South Africa",1187,"World",0,"tonne",14,"monthly",6,"2009-03-01","2009-03-31",2300,"SAGIS Supply and Demand, Gro Intelligence"
"Domestic Consumption (mass)",1480032,"Canola",3418,"South Africa",1187,"World",0,"tonne",14,"monthly",6,"2009-04-01","2009-04-30",2900,"SAGIS Supply and Demand, Gro Intelligence"
"Domestic Consumption (mass)",1480032,"Canola",3418,"South Africa",1187,"World",0,"tonne",14,"monthly",6,"2009-05-01","2009-05-31",2500,"SAGIS Supply and Demand, Gro Intelligence"
"Domestic Consumption (mass)",1480032,"Canola",3418,"South Africa",1187,"World",0,"tonne",14,"monthly",6,"2009-06-01","2009-06-30",2400,"SAGIS Supply and Demand, Gro Intelligence"
"Domestic Consumption (mass)",1480032,"Canola",3418,"South Africa",1187,"World",0,"tonne",14,"monthly",6,"2009-07-01","2009-07-31",2300,"SAGIS Supply and Demand, Gro Intelligence"
"Domestic Consumption (mass)",1480032,"Canola",3418,"South Africa",1187,"World",0,"tonne",14,"monthly",6,"2009-08-01","2009-08-31",3600,"SAGIS Supply and Demand, Gro Intelligence"
"Domestic Consumption (mass)",1480032,"Canola",3418,"South Africa",1187,"World",0,"tonne",14,"monthly",6,"2009-09-01","2009-09-30",3100,"SAGIS Supply and Demand, Gro Intelligence"
"Domestic Consumption (mass)",1480032,"Canola",3418,"South Africa",1187,"World",0,"tonne",14,"monthly",6,"2009-10-01","2009-10-31",3800,"SAGIS Supply and Demand, Gro Intelligence"
"Domestic Consumption (mass)",1480032,"Canola",3418,"South Africa",1187,"World",0,"tonne",14,"monthly",6,"2009-11-01","2009-11-30",3300,"SAGIS Supply and Demand, Gro Intelligence"
"Domestic Consumption (mass)",1480032,"Canola",3418,"South Africa",1187,"World",0,"tonne",14,"monthly",6,"2009-12-01","2009-12-31",2500,"SAGIS Supply and Demand, Gro Intelligence"
"Domestic Consumption (mass)",1480032,"Canola",3418,"South Africa",1187,"World",0,"tonne",14,"monthly",6,"2010-01-01","2010-01-31",2900,"SAGIS Supply and Demand, Gro Intelligence"
"Domestic Consumption (mass)",1480032,"Canola",3418,"South Africa",1187,"World",0,"tonne",14,"monthly",6,"2010-02-01","2010-02-28",2900,"SAGIS Supply and Demand, Gro Intelligence"
"Domestic Consumption (mass)",1480032,"Canola",3418,"South Africa",1187,"World",0,"tonne",14,"monthly",6,"2010-03-01","2010-03-31",3900,"SAGIS Supply and Demand, Gro Intelligence"
"Domestic Consumption (mass)",1480032,"Canola",3418,"South Africa",1187,"World",0,"tonne",14,"monthly",6,"2010-04-01","2010-04-30",3500,"SAGIS Supply and Demand, Gro Intelligence"
"Domestic Consumption (mass)",1480032,"Canola",3418,"South Africa",1187,"World",0,"tonne",14,"monthly",6,"2010-05-01","2010-05-31",4100,"SAGIS Supply and Demand, Gro Intelligence"
"Domestic Consumption (mass)",1480032,"Canola",3418,"South Africa",1187,"World",0,"tonne",14,"monthly",6,"2010-06-01","2010-06-30",3600,"SAGIS Supply and Demand, Gro Intelligence"
"Domestic Consumption (mass)",1480032,"Canola",3418,"South Africa",1187,"World",0,"tonne",14,"monthly",6,"2010-07-01","2010-07-31",4100,"SAGIS Supply and Demand, Gro Intelligence"
"Domestic Consumption (mass)",1480032,"Canola",3418,"South Africa",1187,"World",0,"tonne",14,"monthly",6,"2010-08-01","2010-08-31",4400,"SAGIS Supply and Demand, Gro Intelligence"
"Domestic Consumption (mass)",1480032,"Canola",3418,"South Africa",1187,"World",0,"tonne",14,"monthly",6,"2010-09-01","2010-09-30",3100,"SAGIS Supply and Demand, Gro Intelligence"
"Domestic Consumption (mass)",1480032,"Canola",3418,"South Africa",1187,"World",0,"tonne",14,"monthly",6,"2010-10-01","2010-10-31",4900,"SAGIS Supply and Demand, Gro Intelligence"
"Domestic Consumption (mass)",1480032,"Canola",3418,"South Africa",1187,"World",0,"tonne",14,"monthly",6,"2010-11-01","2010-11-30",3900,"SAGIS Supply and Demand, Gro Intelligence"
"Domestic Consumption (mass)",1480032,"Canola",3418,"South Africa",1187,"World",0,"tonne",14,"monthly",6,"2010-12-01","2010-12-31",3200,"SAGIS Supply and Demand, Gro Intelligence"
"Domestic Consumption (mass)",1480032,"Canola",3418,"South Africa",1187,"World",0,"tonne",14,"monthly",6,"2011-01-01","2011-01-31",2700,"SAGIS Supply and Demand, Gro Intelligence"
"Domestic Consumption (mass)",1480032,"Canola",3418,"South Africa",1187,"World",0,"tonne",14,"monthly",6,"2011-02-01","2011-02-28",3500,"SAGIS Supply and Demand, Gro Intelligence"
"Domestic Consumption (mass)",1480032,"Canola",3418,"South Africa",1187,"World",0,"tonne",14,"monthly",6,"2011-03-01","2011-03-31",3600,"SAGIS Supply and Demand, Gro Intelligence"
"Domestic Consumption (mass)",1480032,"Canola",3418,"South Africa",1187,"World",0,"tonne",14,"monthly",6,"2011-04-01","2011-04-30",3500,"SAGIS Supply and Demand, Gro Intelligence"
"Domestic Consumption (mass)",1480032,"Canola",3418,"South Africa",1187,"World",0,"tonne",14,"monthly",6,"2011-05-01","2011-05-31",3900,"SAGIS Supply and Demand, Gro Intelligence"
"Domestic Consumption (mass)",1480032,"Canola",3418,"South Africa",1187,"World",0,"tonne",14,"monthly",6,"2011-06-01","2011-06-30",3200,"SAGIS Supply and Demand, Gro Intelligence"
"Domestic Consumption (mass)",1480032,"Canola",3418,"South Africa",1187,"World",0,"tonne",14,"monthly",6,"2011-07-01","2011-07-31",3900,"SAGIS Supply and Demand, Gro Intelligence"
"Domestic Consumption (mass)",1480032,"Canola",3418,"South Africa",1187,"World",0,"tonne",14,"monthly",6,"2011-08-01","2011-08-31",4400,"SAGIS Supply and Demand, Gro Intelligence"
"Domestic Consumption (mass)",1480032,"Canola",3418,"South Africa",1187,"World",0,"tonne",14,"monthly",6,"2011-09-01","2011-09-30",3600,"SAGIS Supply and Demand, Gro Intelligence"
"Domestic Consumption (mass)",1480032,"Canola",3418,"South Africa",1187,"World",0,"tonne",14,"monthly",6,"2011-10-01","2011-10-31",5400,"SAGIS Supply and Demand, Gro Intelligence"
"Domestic Consumption (mass)",1480032,"Canola",3418,"South Africa",1187,"World",0,"tonne",14,"monthly",6,"2011-11-01","2011-11-30",5500,"SAGIS Supply and Demand, Gro Intelligence"
"Domestic Consumption (mass)",1480032,"Canola",3418,"South Africa",1187,"World",0,"tonne",14,"monthly",6,"2011-12-01","2011-12-31",2900,"SAGIS Supply and Demand, Gro Intelligence"
"Domestic Consumption (mass)",1480032,"Canola",3418,"South Africa",1187,"World",0,"tonne",14,"monthly",6,"2012-01-01","2012-01-31",3800,"SAGIS Supply and Demand, Gro Intelligence"
"Domestic Consumption (mass)",1480032,"Canola",3418,"South Africa",1187,"World",0,"tonne",14,"monthly",6,"2012-02-01","2012-02-29",3700,"SAGIS Supply and Demand, Gro Intelligence"
"Domestic Consumption (mass)",1480032,"Canola",3418,"South Africa",1187,"World",0,"tonne",14,"monthly",6,"2012-03-01","2012-03-31",4900,"SAGIS Supply and Demand, Gro Intelligence"
"Domestic Consumption (mass)",1480032,"Canola",3418,"South Africa",1187,"World",0,"tonne",14,"monthly",6,"2012-04-01","2012-04-30",4400,"SAGIS Supply and Demand, Gro Intelligence"
"Domestic Consumption (mass)",1480032,"Canola",3418,"South Africa",1187,"World",0,"tonne",14,"monthly",6,"2012-05-01","2012-05-31",6000,"SAGIS Supply and Demand, Gro Intelligence"
"Domestic Consumption (mass)",1480032,"Canola",3418,"South Africa",1187,"World",0,"tonne",14,"monthly",6,"2012-06-01","2012-06-30",4300,"SAGIS Supply and Demand, Gro Intelligence"
"Domestic Consumption (mass)",1480032,"Canola",3418,"South Africa",1187,"World",0,"tonne",14,"monthly",6,"2012-07-01","2012-07-31",5200,"SAGIS Supply and Demand, Gro Intelligence"
"Domestic Consumption (mass)",1480032,"Canola",3418,"South Africa",1187,"World",0,"tonne",14,"monthly",6,"2012-08-01","2012-08-31",5500,"SAGIS Supply and Demand, Gro Intelligence"
"Domestic Consumption (mass)",1480032,"Canola",3418,"South Africa",1187,"World",0,"tonne",14,"monthly",6,"2012-09-01","2012-09-30",6500,"SAGIS Supply and Demand, Gro Intelligence"
"Domestic Consumption (mass)",1480032,"Canola",3418,"South Africa",1187,"World",0,"tonne",14,"monthly",6,"2012-10-01","2012-10-31",5735,"SAGIS Supply and Demand, Gro Intelligence"
"Domestic Consumption (mass)",1480032,"Canola",3418,"South Africa",1187,"World",0,"tonne",14,"monthly",6,"2012-11-01","2012-11-30",5487,"SAGIS Supply and Demand, Gro Intelligence"
"Domestic Consumption (mass)",1480032,"Canola",3418,"South Africa",1187,"World",0,"tonne",14,"monthly",6,"2012-12-01","2012-12-31",5350,"SAGIS Supply and Demand, Gro Intelligence"
"Domestic Consumption (mass)",1480032,"Canola",3418,"South Africa",1187,"World",0,"tonne",14,"monthly",6,"2013-01-01","2013-01-31",5314,"SAGIS Supply and Demand, Gro Intelligence"
"Domestic Consumption (mass)",1480032,"Canola",3418,"South Africa",1187,"World",0,"tonne",14,"monthly",6,"2013-02-01","2013-02-28",4259,"SAGIS Supply and Demand, Gro Intelligence"
"Domestic Consumption (mass)",1480032,"Canola",3418,"South Africa",1187,"World",0,"tonne",14,"monthly",6,"2013-03-01","2013-03-31",6857,"SAGIS Supply and Demand, Gro Intelligence"
"Domestic Consumption (mass)",1480032,"Canola",3418,"South Africa",1187,"World",0,"tonne",14,"monthly",6,"2013-04-01","2013-04-30",5933,"SAGIS Supply and Demand, Gro Intelligence"
"Domestic Consumption (mass)",1480032,"Canola",3418,"South Africa",1187,"World",0,"tonne",14,"monthly",6,"2013-05-01","2013-05-31",7232,"SAGIS Supply and Demand, Gro Intelligence"
"Domestic Consumption (mass)",1480032,"Canola",3418,"South Africa",1187,"World",0,"tonne",14,"monthly",6,"2013-06-01","2013-06-30",5641,"SAGIS Supply and Demand, Gro Intelligence"
"Domestic Consumption (mass)",1480032,"Canola",3418,"South Africa",1187,"World",0,"tonne",14,"monthly",6,"2013-07-01","2013-07-31",8442,"SAGIS Supply and Demand, Gro Intelligence"
"Domestic Consumption (mass)",1480032,"Canola",3418,"South Africa",1187,"World",0,"tonne",14,"monthly",6,"2013-08-01","2013-08-31",7192,"SAGIS Supply and Demand, Gro Intelligence"
"Domestic Consumption (mass)",1480032,"Canola",3418,"South Africa",1187,"World",0,"tonne",14,"monthly",6,"2013-09-01","2013-09-30",9199,"SAGIS Supply and Demand, Gro Intelligence"
"Domestic Consumption (mass)",1480032,"Canola",3418,"South Africa",1187,"World",0,"tonne",14,"monthly",6,"2013-10-01","2013-10-31",7806,"SAGIS Supply and Demand, Gro Intelligence"
"Domestic Consumption (mass)",1480032,"Canola",3418,"South Africa",1187,"World",0,"tonne",14,"monthly",6,"2013-11-01","2013-11-30",8900,"SAGIS Supply and Demand, Gro Intelligence"
"Domestic Consumption (mass)",1480032,"Canola",3418,"South Africa",1187,"World",0,"tonne",14,"monthly",6,"2013-12-01","2013-12-31",6301,"SAGIS Supply and Demand, Gro Intelligence"
"Domestic Consumption (mass)",1480032,"Canola",3418,"South Africa",1187,"World",0,"tonne",14,"monthly",6,"2014-01-01","2014-01-31",7637,"SAGIS Supply and Demand, Gro Intelligence"
"Domestic Consumption (mass)",1480032,"Canola",3418,"South Africa",1187,"World",0,"tonne",14,"monthly",6,"2014-02-01","2014-02-28",7661,"SAGIS Supply and Demand, Gro Intelligence"
"Domestic Consumption (mass)",1480032,"Canola",3418,"South Africa",1187,"World",0,"tonne",14,"monthly",6,"2014-03-01","2014-03-31",7750,"SAGIS Supply and Demand, Gro Intelligence"
"Domestic Consumption (mass)",1480032,"Canola",3418,"South Africa",1187,"World",0,"tonne",14,"monthly",6,"2014-04-01","2014-04-30",7607,"SAGIS Supply and Demand, Gro Intelligence"
"Domestic Consumption (mass)",1480032,"Canola",3418,"South Africa",1187,"World",0,"tonne",14,"monthly",6,"2014-05-01","2014-05-31",9069,"SAGIS Supply and Demand, Gro Intelligence"
"Domestic Consumption (mass)",1480032,"Canola",3418,"South Africa",1187,"World",0,"tonne",14,"monthly",6,"2014-06-01","2014-06-30",8105,"SAGIS Supply and Demand, Gro Intelligence"
"Domestic Consumption (mass)",1480032,"Canola",3418,"South Africa",1187,"World",0,"tonne",14,"monthly",6,"2014-07-01","2014-07-31",9147,"SAGIS Supply and Demand, Gro Intelligence"
"Domestic Consumption (mass)",1480032,"Canola",3418,"South Africa",1187,"World",0,"tonne",14,"monthly",6,"2014-08-01","2014-08-31",9054,"SAGIS Supply and Demand, Gro Intelligence"
"Domestic Consumption (mass)",1480032,"Canola",3418,"South Africa",1187,"World",0,"tonne",14,"monthly",6,"2014-09-01","2014-09-30",9608,"SAGIS Supply and Demand, Gro Intelligence"
"Domestic Consumption (mass)",1480032,"Canola",3418,"South Africa",1187,"World",0,"tonne",14,"monthly",6,"2014-10-01","2014-10-31",9579,"SAGIS Supply and Demand, Gro Intelligence"
"Domestic Consumption (mass)",1480032,"Canola",3418,"South Africa",1187,"World",0,"tonne",14,"monthly",6,"2014-11-01","2014-11-30",8901,"SAGIS Supply and Demand, Gro Intelligence"
"Domestic Consumption (mass)",1480032,"Canola",3418,"South Africa",1187,"World",0,"tonne",14,"monthly",6,"2014-12-01","2014-12-31",6570,"SAGIS Supply and Demand, Gro Intelligence"
"Domestic Consumption (mass)",1480032,"Canola",3418,"South Africa",1187,"World",0,"tonne",14,"monthly",6,"2015-01-01","2015-01-31",7894,"SAGIS Supply and Demand, Gro Intelligence"
"Domestic Consumption (mass)",1480032,"Canola",3418,"South Africa",1187,"World",0,"tonne",14,"monthly",6,"2015-02-01","2015-02-28",6214,"SAGIS Supply and Demand, Gro Intelligence"
"Domestic Consumption (mass)",1480032,"Canola",3418,"South Africa",1187,"World",0,"tonne",14,"monthly",6,"2015-03-01","2015-03-31",9305,"SAGIS Supply and Demand, Gro Intelligence"
"Domestic Consumption (mass)",1480032,"Canola",3418,"South Africa",1187,"World",0,"tonne",14,"monthly",6,"2015-04-01","2015-04-30",9484,"SAGIS Supply and Demand, Gro Intelligence"
"Domestic Consumption (mass)",1480032,"Canola",3418,"South Africa",1187,"World",0,"tonne",14,"monthly",6,"2015-05-01","2015-05-31",10413,"SAGIS Supply and Demand, Gro Intelligence"
"Domestic Consumption (mass)",1480032,"Canola",3418,"South Africa",1187,"World",0,"tonne",14,"monthly",6,"2015-06-01","2015-06-30",10150,"SAGIS Supply and Demand, Gro Intelligence"
"Domestic Consumption (mass)",1480032,"Canola",3418,"South Africa",1187,"World",0,"tonne",14,"monthly",6,"2015-07-01","2015-07-31",10824,"SAGIS Supply and Demand, Gro Intelligence"
"Domestic Consumption (mass)",1480032,"Canola",3418,"South Africa",1187,"World",0,"tonne",14,"monthly",6,"2015-08-01","2015-08-31",6189,"SAGIS Supply and Demand, Gro Intelligence"
"Domestic Consumption (mass)",1480032,"Canola",3418,"South Africa",1187,"World",0,"tonne",14,"monthly",6,"2015-09-01","2015-09-30",7616,"SAGIS Supply and Demand, Gro Intelligence"
"Domestic Consumption (mass)",1480032,"Canola",3418,"South Africa",1187,"World",0,"tonne",14,"monthly",6,"2015-10-01","2015-10-31",11533,"SAGIS Supply and Demand, Gro Intelligence"
"Domestic Consumption (mass)",1480032,"Canola",3418,"South Africa",1187,"World",0,"tonne",14,"monthly",6,"2015-11-01","2015-11-30",12859,"SAGIS Supply and Demand, Gro Intelligence"
"Domestic Consumption (mass)",1480032,"Canola",3418,"South Africa",1187,"World",0,"tonne",14,"monthly",6,"2015-12-01","2015-12-31",8180,"SAGIS Supply and Demand, Gro Intelligence"
"Domestic Consumption (mass)",1480032,"Canola",3418,"South Africa",1187,"World",0,"tonne",14,"monthly",6,"2016-01-01","2016-01-31",10077,"SAGIS Supply and Demand, Gro Intelligence"
"Domestic Consumption (mass)",1480032,"Canola",3418,"South Africa",1187,"World",0,"tonne",14,"monthly",6,"2016-02-01","2016-02-29",11556,"SAGIS Supply and Demand, Gro Intelligence"
"Domestic Consumption (mass)",1480032,"Canola",3418,"South Africa",1187,"World",0,"tonne",14,"monthly",6,"2016-03-01","2016-03-31",10685,"SAGIS Supply and Demand, Gro Intelligence"
"Domestic Consumption (mass)",1480032,"Canola",3418,"South Africa",1187,"World",0,"tonne",14,"monthly",6,"2016-04-01","2016-04-30",12946,"SAGIS Supply and Demand, Gro Intelligence"
"Domestic Consumption (mass)",1480032,"Canola",3418,"South Africa",1187,"World",0,"tonne",14,"monthly",6,"2016-05-01","2016-05-31",12419,"SAGIS Supply and Demand, Gro Intelligence"
"Domestic Consumption (mass)",1480032,"Canola",3418,"South Africa",1187,"World",0,"tonne",14,"monthly",6,"2016-06-01","2016-06-30",10961,"SAGIS Supply and Demand, Gro Intelligence"
"Domestic Consumption (mass)",1480032,"Canola",3418,"South Africa",1187,"World",0,"tonne",14,"monthly",6,"2016-07-01","2016-07-31",9125,"SAGIS Supply and Demand, Gro Intelligence"
"Domestic Consumption (mass)",1480032,"Canola",3418,"South Africa",1187,"World",0,"tonne",14,"monthly",6,"2016-08-01","2016-08-31",10935,"SAGIS Supply and Demand, Gro Intelligence"
"Domestic Consumption (mass)",1480032,"Canola",3418,"South Africa",1187,"World",0,"tonne",14,"monthly",6,"2016-09-01","2016-09-30",8600,"SAGIS Supply and Demand, Gro Intelligence"
"Domestic Consumption (mass)",1480032,"Canola",3418,"South Africa",1187,"World",0,"tonne",14,"monthly",6,"2016-10-01","2016-10-31",11843,"SAGIS Supply and Demand, Gro Intelligence"
"Domestic Consumption (mass)",1480032,"Canola",3418,"South Africa",1187,"World",0,"tonne",14,"monthly",6,"2016-11-01","2016-11-30",11560,"SAGIS Supply and Demand, Gro Intelligence"
"Domestic Consumption (mass)",1480032,"Canola",3418,"South Africa",1187,"World",0,"tonne",14,"monthly",6,"2016-12-01","2016-12-31",7592,"SAGIS Supply and Demand, Gro Intelligence"
"Domestic Consumption (mass)",1480032,"Canola",3418,"South Africa",1187,"World",0,"tonne",14,"monthly",6,"2017-01-01","2017-01-31",8724,"SAGIS Supply and Demand, Gro Intelligence"
"Domestic Consumption (mass)",1480032,"Canola",3418,"South Africa",1187,"World",0,"tonne",14,"monthly",6,"2017-02-01","2017-02-28",9151,"SAGIS Supply and Demand, Gro Intelligence"
"Domestic Consumption (mass)",1480032,"Canola",3418,"South Africa",1187,"World",0,"tonne",14,"monthly",6,"2017-03-01","2017-03-31",9775,"SAGIS Supply and Demand, Gro Intelligence"
"Domestic Consumption (mass)",1480032,"Canola",3418,"South Africa",1187,"World",0,"tonne",14,"monthly",6,"2017-04-01","2017-04-30",9395,"SAGIS Supply and Demand, Gro Intelligence"
"Domestic Consumption (mass)",1480032,"Canola",3418,"South Africa",1187,"World",0,"tonne",14,"monthly",6,"2017-05-01","2017-05-31",10343,"SAGIS Supply and Demand, Gro Intelligence"
"Domestic Consumption (mass)",1480032,"Canola",3418,"South Africa",1187,"World",0,"tonne",14,"monthly",6,"2017-06-01","2017-06-30",9042,"SAGIS Supply and Demand, Gro Intelligence"
"Domestic Consumption (mass)",1480032,"Canola",3418,"South Africa",1187,"World",0,"tonne",14,"monthly",6,"2017-07-01","2017-07-31",11351,"SAGIS Supply and Demand, Gro Intelligence"
"Domestic Consumption (mass)",1480032,"Canola",3418,"South Africa",1187,"World",0,"tonne",14,"monthly",6,"2017-08-01","2017-08-31",12162,"SAGIS Supply and Demand, Gro Intelligence"
"Domestic Consumption (mass)",1480032,"Canola",3418,"South Africa",1187,"World",0,"tonne",14,"monthly",6,"2017-09-01","2017-09-30",10055,"SAGIS Supply and Demand, Gro Intelligence"
"Domestic Consumption (mass)",1480032,"Canola",3418,"South Africa",1187,"World",0,"tonne",14,"monthly",6,"2017-10-01","2017-10-31",10146,"SAGIS Supply and Demand, Gro Intelligence"
"Domestic Consumption (mass)",1480032,"Canola",3418,"South Africa",1187,"World",0,"tonne",14,"monthly",6,"2017-11-01","2017-11-30",10356,"SAGIS Supply and Demand, Gro Intelligence"
"Domestic Consumption (mass)",1480032,"Canola",3418,"South Africa",1187,"World",0,"tonne",14,"monthly",6,"2017-12-01","2017-12-31",4757,"SAGIS Supply and Demand, Gro Intelligence"
"Domestic Consumption (mass)",1480032,"Canola",3418,"South Africa",1187,"World",0,"tonne",14,"monthly",6,"2018-01-01","2018-01-31",9937,"SAGIS Supply and Demand, Gro Intelligence"
"Domestic Consumption (mass)",1480032,"Canola",3418,"South Africa",1187,"World",0,"tonne",14,"monthly",6,"2018-02-01","2018-02-28",9309,"SAGIS Supply and Demand, Gro Intelligence"
"Domestic Consumption (mass)",1480032,"Canola",3418,"South Africa",1187,"World",0,"tonne",14,"monthly",6,"2018-03-01","2018-03-31",8575,"SAGIS Supply and Demand, Gro Intelligence"
"Domestic Consumption (mass)",1480032,"Canola",3418,"South Africa",1187,"World",0,"tonne",14,"monthly",6,"2018-04-01","2018-04-30",8754,"SAGIS Supply and Demand, Gro Intelligence"
"Domestic Consumption (mass)",1480032,"Canola",3418,"South Africa",1187,"World",0,"tonne",14,"monthly",6,"2018-05-01","2018-05-31",9860,"SAGIS Supply and Demand, Gro Intelligence"
"Domestic Consumption (mass)",1480032,"Canola",3418,"South Africa",1187,"World",0,"tonne",14,"monthly",6,"2018-06-01","2018-06-30",8826,"SAGIS Supply and Demand, Gro Intelligence"
"Domestic Consumption (mass)",1480032,"Canola",3418,"South Africa",1187,"World",0,"tonne",14,"monthly",6,"2018-07-01","2018-07-31",10741,"SAGIS Supply and Demand, Gro Intelligence"
"Domestic Consumption (mass)",1480032,"Canola",3418,"South Africa",1187,"World",0,"tonne",14,"monthly",6,"2018-08-01","2018-08-31",7697,"SAGIS Supply and Demand, Gro Intelligence"
"Domestic Consumption (mass)",1480032,"Canola",3418,"South Africa",1187,"World",0,"tonne",14,"monthly",6,"2018-09-01","2018-09-30",9414,"SAGIS Supply and Demand, Gro Intelligence"
"Domestic Consumption (mass)",1480032,"Canola",3418,"South Africa",1187,"World",0,"tonne",14,"monthly",6,"2018-10-01","2018-10-31",9763,"SAGIS Supply and Demand, Gro Intelligence"
"Domestic Consumption (mass)",1480032,"Canola",3418,"South Africa",1187,"World",0,"tonne",14,"monthly",6,"2018-11-01","2018-11-30",10254,"SAGIS Supply and Demand, Gro Intelligence"
"Domestic Consumption (mass)",1480032,"Canola",3418,"South Africa",1187,"World",0,"tonne",14,"monthly",6,"2018-12-01","2018-12-31",4776,"SAGIS Supply and Demand, Gro Intelligence"
"Domestic Consumption (mass)",1480032,"Canola",3418,"South Africa",1187,"World",0,"tonne",14,"monthly",6,"2019-01-01","2019-01-31",9372,"SAGIS Supply and Demand, Gro Intelligence"
"Domestic Consumption (mass)",1480032,"Canola",3418,"South Africa",1187,"World",0,"tonne",14,"monthly",6,"2019-02-01","2019-02-28",6958,"SAGIS Supply and Demand, Gro Intelligence"
"Domestic Consumption (mass)",1480032,"Canola",3418,"South Africa",1187,"World",0,"tonne",14,"monthly",6,"2019-03-01","2019-03-31",7921,"SAGIS Supply and Demand, Gro Intelligence"
"Domestic Consumption (mass)",1480032,"Canola",3418,"South Africa",1187,"World",0,"tonne",14,"monthly",6,"2019-04-01","2019-04-30",9381,"SAGIS Supply and Demand, Gro Intelligence"
"Domestic Consumption (mass)",1480032,"Canola",3418,"South Africa",1187,"World",0,"tonne",14,"monthly",6,"2019-05-01","2019-05-31",5268,"SAGIS Supply and Demand, Gro Intelligence"
"Domestic Consumption (mass)",1480032,"Canola",3418,"South Africa",1187,"World",0,"tonne",14,"monthly",6,"2019-06-01","2019-06-30",9841,"SAGIS Supply and Demand, Gro Intelligence"
"Domestic Consumption (mass)",1480032,"Canola",3418,"South Africa",1187,"World",0,"tonne",14,"monthly",6,"2019-07-01","2019-07-31",10519,"SAGIS Supply and Demand, Gro Intelligence"
"Domestic Consumption (mass)",1480032,"Canola",3418,"South Africa",1187,"World",0,"tonne",14,"monthly",6,"2019-08-01","2019-08-31",8533,"SAGIS Supply and Demand, Gro Intelligence"
"Domestic Consumption (mass)",1480032,"Canola",3418,"South Africa",1187,"World",0,"tonne",14,"monthly",6,"2019-09-01","2019-09-30",9062,"SAGIS Supply and Demand, Gro Intelligence"
"Domestic Consumption (mass)",1480032,"Canola",3418,"South Africa",1187,"World",0,"tonne",14,"monthly",6,"2019-10-01","2019-10-31",10039,"SAGIS Supply and Demand, Gro Intelligence"
"Domestic Consumption (mass)",1480032,"Canola",3418,"South Africa",1187,"World",0,"tonne",14,"monthly",6,"2019-11-01","2019-11-30",9255,"SAGIS Supply and Demand, Gro Intelligence"
"Domestic Consumption (mass)",1480032,"Canola",3418,"South Africa",1187,"World",0,"tonne",14,"monthly",6,"2019-12-01","2019-12-31",6734,"SAGIS Supply and Demand, Gro Intelligence"
"Domestic Consumption (mass)",1480032,"Canola",3418,"South Africa",1187,"World",0,"tonne",14,"monthly",6,"2020-01-01","2020-01-31",7610,"SAGIS Supply and Demand, Gro Intelligence"
"Domestic Consumption (mass)",1480032,"Canola",3418,"South Africa",1187,"World",0,"tonne",14,"monthly",6,"2020-02-01","2020-02-29",8691,"SAGIS Supply and Demand, Gro Intelligence"
"Domestic Consumption (mass)",1480032,"Canola",3418,"South Africa",1187,"World",0,"tonne",14,"monthly",6,"2020-03-01","2020-03-31",7490,"SAGIS Supply and Demand, Gro Intelligence"
"Domestic Consumption (mass)",1480032,"Canola",3418,"South Africa",1187,"World",0,"tonne",14,"monthly",6,"2020-04-01","2020-04-30",6313,"SAGIS Supply and Demand, Gro Intelligence"
"Domestic Consumption (mass)",1480032,"Canola",3418,"South Africa",1187,"World",0,"tonne",14,"monthly",6,"2020-05-01","2020-05-31",6788,"SAGIS Supply and Demand, Gro Intelligence"
"Domestic Consumption (mass)",1480032,"Canola",3418,"South Africa",1187,"World",0,"tonne",14,"monthly",6,"2020-06-01","2020-06-30",9527,"SAGIS Supply and Demand, Gro Intelligence"
"Domestic Consumption (mass)",1480032,"Canola",3418,"South Africa",1187,"World",0,"tonne",14,"monthly",6,"2020-07-01","2020-07-31",6267,"SAGIS Supply and Demand, Gro Intelligence"
"Domestic Consumption (mass)",1480032,"Canola",3418,"South Africa",1187,"World",0,"tonne",14,"monthly",6,"2020-08-01","2020-08-31",8770,"SAGIS Supply and Demand, Gro Intelligence"
"Domestic Consumption (mass)",1480032,"Canola",3418,"South Africa",1187,"World",0,"tonne",14,"monthly",6,"2020-09-01","2020-09-30",5920,"SAGIS Supply and Demand, Gro Intelligence"
"Domestic Consumption (mass)",1480032,"Canola",3418,"South Africa",1187,"World",0,"tonne",14,"monthly",6,"2020-10-01","2020-10-31",9477,"SAGIS Supply and Demand, Gro Intelligence"
"Domestic Consumption (mass)",1480032,"Canola",3418,"South Africa",1187,"World",0,"tonne",14,"monthly",6,"2020-11-01","2020-11-30",11128,"SAGIS Supply and Demand, Gro Intelligence"
"Domestic Consumption (mass)",1480032,"Canola",3418,"South Africa",1187,"World",0,"tonne",14,"monthly",6,"2020-12-01","2020-12-31",7958,"SAGIS Supply and Demand, Gro Intelligence"
